Ticker,Day of week,Date,Open, Low ,First low Time,Next High,Next High Time
PG,Mon,1/26/2026,149.86,149.73,10:00,150.15,10:20
PG,Tue,1/27/2026,148.75,148.2,10:20,148.85,10:45
AMT,Tue,1/27/2026,179, $178.30 ,9:50,179.8,10:15
PG,Wed,1/28/2026,148,147.8,10:00,148.7,10:30
AMT,Wed,1/28/2026,180.58, $179.28 ,10:00,178,11:15
PG,Thu,1/29/2026,147.35,147.44,9:50,148.15,10:05
ES,Thu,1/29/2026,70.2,68.8,13:00,69.32,14:30
AEP,Thu,1/29/2026,120,118.65,13:00,119.63,14:30
ORI,Thu,1/29/2026,39.4,38.73,13:00,38.97,14:23
PG,Fri,1/30/2026,150.5,149.3,9:52,150,10:07
AMT,Fri,1/30/2026,180.5, $178.30 ,9:50,179,9:55
ES,Fri,1/30/2026,68.9,68.32,13:00,69.93,14:23
AEP,Fri,1/30/2026,119,118.2,13:00,119.2,14:23
ORI,Fri,1/30/2026,39.21,38.6,11:00,39.11,12:44
PG,Mon,2/2/2026,152.4,151.8,9:32,152.4,9:40
AMT,Mon,2/2/2026,179,176,10:51,177,12:16
ES,Mon,2/2/2026,69,68,10:30,68.5,12:42
AEP,Mon,2/2/2026,119.87,118.8,10:30,119.48,12:45
ORI,Mon,2/2/2026,39.21,38.9,9:40,39.3,10:00
PG,Tue,2/3/2026,152.4,154,10:00,155.9,10:30
AMT,Tue,2/3/2026,173.16,171.89,11:00,172.5,11:30
ES,Tue,2/3/2026,68.1,68.64,10:05,69,12:35
AEP,Tue,2/3/2026,119,119.75,9:49,120.7,10:12
AMT,Wed,2/4/2026,174,173.5,9:40,176,10:20
ES,Wed,2/4/2026,69.12,68.33,9:40,69,10:00
AEP,Wed,2/4/2026,121.8,121.26,9:40,122,10:00
AMT,Thu,2/5/2026,171,170,9:31,172,9:35
ES,Thu,2/5/2026,68.56,68.26,9:40,68.5,9:56
AEP,Thu,2/5/2026,120.3,120,9:40,120.5,10:00
PG,Thu,2/5/2026,158.43,156.3,9:50,157.4,10:00
AMT,Fri,2/6/2026,172.5,169,10:25,170.25,10:43
ES,Fri,2/6/2026,68.4,67.25,11:40,67.45,12:00
AEP,Fri,2/6/2026,121.5,120,11:40,120.8,12:05
PG,Fri,2/6/2026,158.5,159.3,9:54,159.59,10:20
AMT,Mon,2/9/2026,171,169.5,9:40,173,10:40
ES,Mon,2/9/2026,68,66.9,9:40,67.3,10:06
AEP,Mon,2/9/2026,120.7,120.25,9:40,120.65,10:00
PG,Mon,2/9/2026,158.5,156.5,9:40,157.1,10:00
TLT,Mon,2/9/2026,87.23,87.04,9:40,87.38,11:17
AMT,Tue,2/10/2026,175,174,9:36,176,10:00
ES,Tue,2/10/2026,68.2,68.03,9:45,68.7,10:00
AEP,Tue,2/10/2026,119.9,119.98,9:36,120.5,9:45
PG,Tue,2/10/2026,157.2,156.8,9:36,158,9:45
MSFT,Tue,2/10/2026,420,415.6,9:38,422,10:00
AMT,Wed,2/11/2026,178,176.4,9:50,178.8,10:30
ES,Wed,2/11/2026,69,68.5,11:00,69.74,13:00
MSFT,Thu,2/12/2026,405,399,11:00,405,14:40
MSFT,Fri,2/13/2026,403.4,398.6,11:30,403,12:15
MSFT,Tue,2/17/2026,399.25,395.15,10:00,400,11:15
AMZN,Tue,2/17/2026,200,197,10:00,201,11:30
AMZN,Fri,2/13/2026,199.3,198,10:45,199.7,11:08
MSFT,Wed,2/18/2026,397.5,397.12,9:35,400.5,10:05
AMZN,Thu,2/19/2026,204,203.2,9:40,204.5,9:55
MSFT,Thu,2/19/2026,400.5,400,9:40,403,10:07
DLR,Fri,2/20/2026,176.2,174.8,10:10,176.3,10:35
AMT,Fri,2/20/2026,186,184.4,10:00,185.4,10:30
MSFT,Fri,2/20/2026,396.6,395.5,9:35,396.2,10:00
AMZN,Fri,2/20/2026,205,206,9:40,208,10:00
ES,Fri,2/20/2026,74,73.12,10:00,74.2,10:40
MSFT,Mon,2/23/2026,394,388,9:47,386,11:00
MSFT,Tue,2/24/2026,384,383.7,9:33,388,9:41
AMZN,Thu,2/26/2026,210,207.4,10:30,209,11:10
MSFT,Thu,2/26/2026,404.8,401.75,9:35,404,9:44
DLR,Thu,2/26/2026,180,175,10:30,177,11:30
AMZN,Fri,2/27/2026,207,206,9:45,207.7,10:14
CRM,Fri,2/27/2026,191.2,190.4,9:45,192,10:00
ADP,Fri,2/27/2026,216,210.07,9:40,213,10:30
AMZN,Mon,3/2/2026,205,204.5,9:32,206.4,9:33
CRM,Tue,3/3/2026,193,191.5,10:09,192.5,10:25
MSFT,Tue,3/3/2026,395,393.2,10:00,398,10:41
AMZN,Tue,3/3/2026,203.5,202.7,10:30,205,11:07
BX,Tue,3/3/2026,108.7,105.4,10:26,109.85,11:58
CRM,Wed,3/4/2026,194,193,9:31,196,9:32
MSFT,Wed,3/4/2026,402,402,9:30,404.5,9:34
STAG,Wed,3/4/2026,39.35,38.95,10:00,39.1,10:15
STAG,Tue,3/3/2026,39,38.55,10:00,39.3,13:40
TLT,Thu,3/5/2026,88.63,88.54,9:57,88.78,10:07
MSFT,Thu,3/5/2026,407,406.7,10:30,408.3,10:45
DLR,Thu,3/5/2026,180.5,179.18,9:50,181,10:06
AMT,Thu,3/5/2026,188,186,10:00,186.9,10:22
AMT,Wed,3/4/2026,189,187.5,10:00,190,11:00
AMT,Tue,3/3/2026,189,187,10:15,188.5,10:30
MSFT,Fri,3/6/2026,410,410,9:36,412.5,9:40
HD,Fri,3/6/2026,356,353.7,10:00,356.58,10:30
PG,Fri,3/6/2026,153.4,152.05,9:48,152.85,9:50
PG,Thu,3/5/2026,157,154.5,10:30,155.15,10:47
TLT,Mon,3/2/2026,89.9,89.6,10:00,89.6,16:00
TLT,Tue,3/3/2026,89,88.9,9:15,89.4,10:00
TLT,Wed,3/4/2026,89.27,89.15,9:40,89.4,11:20
TLT,Fri,3/6/2026,88.33,88.08,9:47,88.6,11:51
TLT,Mon,3/9/2026,88.25,88.25,9:40,88.5,10:03
PG,Mon,3/9/2026,153.5,153.11,9:40,154.7,9:40
AMZN,Mon,3/9/2026,210,207.6,10:00,209.34,10:16
CRM,Mon,3/9/2026,200,198,10:00,199.5,10:08
CRM,Mon,3/9/2026,200,197.6,10:30,200,10:48
MSFT,Mon,3/9/2026,408,403,9:26,407,9:30
STAG,Mon,3/9/2026,37.72,37.3,10:30,37.7,11:30
STAG,Mon,3/2/2026,39,38.9,10:00,39.38,11:14
STAG,Tue,3/3/2026,38.98,38.45,10:00,38.92,11:30
STAG,Wed,3/4/2026,39.4,38.9,10:00,39.3,11:00
STAG,Wed,3/4/2026,39.4,38.92,12:00,39.2,13:30
STAG,Thu,3/5/2026,39.2,38.8,13:00,38.98,13:21
STAG,Thu,3/5/2026,39.2,38.74,14:30,39,15:20
STAG,Fri,3/6/2026,38.8,37.76,12:00,38.1,15:45
BX,Mon,3/9/2026,108.24,106,10:15,108.6,10:40
MSFT,Tue,3/10/2026,409,403.1,10:10,406,10:45
CRM,Tue,3/10/2026,198,192,10:08,194,11:00
STAG,Tue,3/10/2026,38.1,38.1,10:00,38.4,11:00
BX,Wed,3/11/2026,111,107,10:30,106,11:00
MSFT,Wed,3/11/2026,408,403.56,10:30,403.4,12:51
CRM,Wed,3/11/2026,198,195.2,10:25,193,13:31
STAG,Wed,3/11/2026,38.07,37.9,10:30,38.1,11:10
MSFT,Thu,3/12/2026,404.8,402.8,10:00,404.4,10:15
CRM,Thu,3/12/2026,197,197,9:30,200.4,9:40
STAG,Thu,3/12/2026,38.03,37.8,10:30,37.99,11:00
BX,Thu,3/12/2026,105,104.25,10:30,105,10:48
MSFT,Fri,3/13/2026,401,400.7,9:33,404,9:50
CRM,Fri,3/13/2026,200,196,10:05,197.5,10:30
STAG,Fri,3/13/2026,38.5,38,10:18,38.27,10:30
BX,Fri,3/13/2026,104,104,9:35,105.38,10:05
AMZN,Mon,3/16/2026,209,207.88,9:44,209.9,10:18
MSFT,Mon,3/16/2026,397.65,395.6,10:00,397.8,10:18
STAG,Mon,3/16/2026,38.4,38.5,10:18,38.75,11:00
CLX,Tue,3/17/2026,112.2,111.5,10:00,113,11:19
HD,Tue,3/17/2026,345.5,342,10:26,344.5,10:55
MSFT,Tue,3/17/2026,400.5,399,10:18,400,10:30
CRM,Tue,3/17/2026,198.5,198,10:18,196.5,12:45
PG,Wed,3/18/2026,149,148.6,9:56,149.95,10:01
STAG,Wed,3/18/2026,38.49,38,10:15,38.35,11:00
CRM,Wed,3/18/2026,194,193.37,10:15,194.5,11:00
MSFT,Wed,3/18/2026,397,395.5,10:26,395.5,11:00
HD,Wed,3/18/2026,338.5,334.18,10:15,335.7,11:00
MMM,Wed,3/18/2026,148,144.4,10:15,145.2,11:10
DIA,Wed,3/18/2026,469,466.47,9:57,467.54,11:10
STAG,Thu,3/19/2026,38.06,37.71,10:30,37.4,13:00
CRM,Thu,3/19/2026,196,196,9:30,198.45,9:48
MSFT,Thu,3/19/2026,390,388.7,10:30,390,10:37
HD,Thu,3/19/2026,329,327.5,10:30,328,10:35
DIA,Thu,3/19/2026,460,458.47,10:30,460,10:03
PG,Thu,3/19/2026,146.5,146,9:50,146.4,10:00
PG,Mon,3/23/2026,146,143.78,10:00,144.4,10:45
DIA,Mon,3/23/2026,463.5,463,9:35,464.5,9:45
CRM,Mon,3/23/2026,197,194,9:32,195,9:37
PG,Tue,3/24/2026,143.25,143.25,10:00,145,10:09
DIA,Tue,3/24/2026,458.5,458.05,10:00,460,10:08
CRM,Tue,3/24/2026,192.1,187,9:40,185.5,10:10
TLT,Tue,3/24/2026,85.75,85.58,10:00,86.1,10:50
PG,Wed,3/25/2026,144,142.6,10:00,143.5,11:25
CRM,Wed,3/25/2026,186.7,183.5,10:00,181.5,11:28
DLR,Wed,3/25/2026,176.5,175,10:00,177.3,11:00
PG,Thu,3/26/2026,143.5,143,9:40,144.1,9:50
DLR,Thu,3/26/2026,174.5,174.2,9:40,176.7,9:50
PG,Fri,3/27/2026,142.8,142.03,9:33,143.2,10:00
DLR,Fri,3/27/2026,174,174.15,10:00,175.7,10:30
CRM,Fri,3/27/2026,182.6,179.7,10:14,181,11:00
DLR,Mon,3/30/2026,178.5,177,9:40,177.9,9:53
PG,Mon,3/30/2026,143.27,143,9:37,143.9,9:50
CRM,Mon,3/30/2026,182,182,10:15,186.32,12:15
PG,Tue,3/31/2026,144.8,143.8,9:38,144.45,9:42
DLR,Tue,3/31/2026,177,177,9:30,177,9:30
CRM,Tue,3/31/2026,185.4,183.75,9:40,185.7,9:50
HD,Tue,3/31/2026,327,325.25,10:00,326.4,10:30
PG,Wed,4/1/2026,144,143.5,9:42,144.52,9:52
DLR,Wed,4/1/2026,180.75,180.75,9:30,180.75,9:30
CRM,Wed,4/1/2026,189,184.15,9:42,186,10:20
HD,Wed,4/1/2026,330,328,9:40,332,9:56
PG,Thu,4/2/2026,144.3,142.8,10:15,143.3,10:30
DLR,Thu,4/2/2026,180,180,9:30,180,9:30
CRM,Thu,4/2/2026,184.42,182,9:33,183.5,9:38
HD,Thu,4/2/2026,322.98,319,10:13,321,10:31
ES,Thu,4/2/2026,69.9,69.4,10:10,69.8,10:40
PG,Mon,4/6/2026,143.06,142.6,9:41,143,9:59
DLR,Mon,4/6/2026,181.5,181,9:57,181.5,10:00
CRM,Mon,4/6/2026,187,183.72,9:37,186.7,9:53
HD,Mon,4/6/2026,320.5,320.4,9:46,321.1,9:55
ES,Mon,4/6/2026,69.3,69.3,9:30,69.3,9:30
PG,Tue,4/7/2026,142.9,141.78,9:34,142.4,9:58
DLR,Tue,4/7/2026,180,179.8,9:45,180.9,9:55
CRM,Tue,4/7/2026,183.87,184.9,9:42,185.3,9:50
HD,Tue,4/7/2026,322.4,318.3,9:50,319.91,10:27
ES,Tue,4/7/2026,69.9,69.35,9:53,69.5,10:28
AMT,Wed,4/8/2026,175,174.21,9:50,175.1,10:00
PG,Wed,4/8/2026,143,143,9:30,143,9:30
DLR,Wed,4/8/2026,185.5,184.5,9:50,184.88,10:04
CRM,Wed,4/8/2026,186,182.3,10:00,182.8,11:06
HD,Wed,4/8/2026,332,332,9:30,332,9:30
ES,Wed,4/8/2026,69.8,69.2,9:40,69.9,10:05
TLT,Thu,4/9/2026,86.72,86.44,11:00,87,12:10
HD,Thu,4/9/2026,331.26,330.95,9:33,333.8,9:54
CRM,Thu,4/9/2026,173.5,168.17,9:55,170,10:08
CRM,Fri,4/10/2026,170,165.4,9:55,166,10:20
AMT,Fri,4/10/2026,181,179.4,9:50,180.6,10:05
TLT,Fri,4/10/2026,86.6,86.5,10:45,86.68,11:23
CRM,Mon,4/13/2026,166.5,166.89,9:42,170.3,10:02
AMT,Mon,4/13/2026,180,178.92,10:30,179.3,10:45
TLT,Mon,4/13/2026,86.44,86.4,9:40,86.66,10:00
HD,Mon,4/13/2026,334.5,334.5,9:50,335.81,11:30
PG,Mon,4/13/2026,145,142.65,11:00,143.15,12:36
PG,Tue,4/14/2026,142.94,143,9:33,144.2,9:36
PG,Tue,4/14/2026,142.94,143,9:42,144,10:00
CRM,Tue,4/14/2026,176,176,9:30,176,9:30
AMT,Tue,4/14/2026,179,173.5,10:00,175.3,10:38
TLT,Tue,4/14/2026,86.66,86.69,9:50,87,11:02
HD,Tue,4/14/2026,340,339.6,9:36,341.45,9:50
PG,Wed,4/15/2026,144.4,143.99,9:33,144.2,9:42
PG,Wed,4/15/2026,144.4,142.5,10:37,143.43,11:43
AMT,Wed,4/15/2026,177,177,9:30,177,9:30
TLT,Wed,4/15/2026,87.03,86.91,11:05,86.8,12:25
HD,Wed,4/15/2026,342.51,337.55,10:30,339,11:32
PG,Thu,4/16/2026,143.3,142.9,9:36,143.47,9:42
TLT,Thu,4/16/2026,86.91,86.76,10:02,86.82,10:10
HD,Thu,4/16/2026,340.13,337,10:30,338.4,11:00
CRM,Thu,4/16/2026,183.3,179,10:00,181,12:00
PG,Fri,4/17/2026,143.6,144.3,9:42,146.8,10:30
ED,Fri,4/17/2026,109.5,108.3,10:48,108.9,11:20
exc,Fri,4/17/2026,46.7,46,9:44,46.45,9:48
TLT,Mon,4/20/2026,87.11,86.77,11:00,86.98,11:40
HD,Mon,4/20/2026,348.13,345,9:50,345.77,10:00
CRM,Mon,4/20/2026,182.25,183.4,11:00,187,13:02
PG,Mon,4/20/2026,146.45,146,9:37,146.15,9:40
PG,Mon,4/20/2026,146.45,145.35,10:11,145.7,10:19
ED,Mon,4/20/2026,110.48,110.05,9:37,110.72,9:43
exc,Mon,4/20/2026,46.63,47,12:00,46.4,15:00
VZ,Mon,4/20/2026,46.57,46.38,9:37,46.55,9:41
MSFT,Mon,4/20/2026,423,417.5,9:48,422,10:04
TLT,Tue,4/21/2026,86.96,86.65,11:00,86.77,11:18
HD,Tue,4/21/2026,353,349.5,10:30,343.7,14:50
CRM,Tue,4/21/2026,187,185.3,9:35,192.5,10:00
PG,Tue,4/21/2026,144.7,143.4,9:35,144,10:10
PG,Tue,4/21/2026,144.7,142.5,11:30,142.9,13:43
ED,Tue,4/21/2026,110,108.5,11:30,109.15,12:15
VZ,Tue,4/21/2026,46.62,43.31,9:36,43.51,10:00
MSFT,Tue,4/21/2026,420.5,418.68,9:35,424,10:00
AMT,Tue,4/21/2026,182,176.3,11:10,177.5,14:00
TLT,Wed,4/22/2026,87.04,86.9,11:00,86.74,16:00
HD,Wed,4/22/2026,344.3,343,10:30,339.5,16:00
CRM,Wed,4/22/2026,187.78,188,11:00,190,11:20
PG,Wed,4/22/2026,142.24,142.5,9:35,143.1,9:38
AMT,Wed,4/22/2026,177,175.2,11:00,176,11:00
VZ,Wed,4/22/2026,45.95,45.26,10:35,45.82,11:37
MSFT,Wed,4/22/2026,426.5,423,9:33,426.16,9:37
HD,Thu,4/23/2026,339.6,338.8,9:50,340.4,10:15
CRM,Thu,4/23/2026,179.45,172.86,10:13,174.5,10:55
PG,Thu,4/23/2026,143.2,143.62,9:37,145,10:00
MSFT,Thu,4/23/2026,423.2,417,10:13,421.5,11:09
TLT,Fri,4/24/2026,86.5,86.31,9:33,86.42,9:38
HD,Fri,4/24/2026,338,338.3,9:38,339.5,10:30
CRM,Fri,4/24/2026,176.1,174.8,10:00,176,11:50
VZ,Fri,4/24/2026,47.2,47,9:34,47.2,9:44
MSFT,Fri,4/24/2026,420,417.55,10:30,421,11:41
ED,Fri,4/24/2026,109.8,109,9:35,109.6,9:50
PG,Mon,4/27/2026,147.76,148.1,9:35,149.6,9:51
MSFT,Mon,4/27/2026,423,423,9:30,423,9:30
TLT,Mon,4/27/2026,86.49,86.3,11:25,86.4,12:19
HD,Mon,4/27/2026,335,334.6,9:35,337,9:53
CRM,Mon,4/27/2026,179.9,179,9:35,183,9:50
VZ,Mon,4/27/2026,47.9,47.9,9:35,47.9,9:50
ED,Mon,4/27/2026,109.5,109.4,9:35,110,10:00
PG,Tue,4/28/2026,150.19,149.2,10:22,150.5,10:40
MSFT,Tue,4/28/2026,424.48,422.8,9:37,428,9:50
TLT,Tue,4/28/2026,86.12,85.96,10:40,86.12,11:00
HD,Tue,4/28/2026,333.2,329.5,10:30,330.5,12:00
CRM,Tue,4/28/2026,183,182.2,9:44,183.7,9:51
VZ,Tue,4/28/2026,48,46.77,9:57,47.3,11:00
ED,Tue,4/28/2026,110.1,109.05,10:10,110,10:40
PG,Wed,4/29/2026,148.5,146.31,11:00,147.4,12:30
MSFT,Wed,4/29/2026,424.5,422.3,9:40,426.15,9:51
TLT,Wed,4/29/2026,85.99,85.8,10:00,85.85,11:55
HD,Wed,4/29/2026,326.3,320.5,10:00,322.8,10:20
CRM,Wed,4/29/2026,180.34,178.5,9:40,179.9,9:50
VZ,Wed,4/29/2026,47.5,46.96,10:00,46.4,15:00
ED,Wed,4/29/2026,109,109,11:00,109.4,11:48
PG,Thu,4/30/2026,147,146,9:50,146.6,10:00
MSFT,Thu,4/30/2026,413,413.72,9:35,401.25,10:10
TLT,Thu,4/30/2026,85.9,85.69,10:38,85.8,11:00
HD,Thu,4/30/2026,322.5,326.38,9:31,326.38,9:31
CRM,Thu,4/30/2026,178.4,175.25,9:35,178,11:22
CRM,Thu,4/30/2026,178.4,174,10:00,178,11:22
VZ,Thu,4/30/2026,47,47.32,9:45,47.68,10:07
ED,Thu,4/30/2026,109.3,110.25,9:50,110.25,9:50
PG,Fri,5/1/2026,148,147.5,9:35,148.7,10:00
MSFT,Fri,5/1/2026,413,412.5,10:00,414,11:00
TLT,Fri,5/1/2026,85.48,85.35,9:53,85.95,10:23
HD,Fri,5/1/2026,330.5,326.5,9:42,329.3,10:00
CRM,Fri,5/1/2026,185.27,179.7,10:00,182,11:02
VZ,Fri,5/1/2026,48.3,47.88,10:00,48.2,10:30
ED,Fri,5/1/2026,111.48,111.15,9:40,112,10:00
PG,Mon,5/4/2026,145.55,144,9:43,145.18,10:11
MSFT,Mon,5/4/2026,413,413,9:31,417,9:50
TLT,Mon,5/4/2026,85.36,85.3,7:50,85.55,8:45
TLT,Mon,5/4/2026,85.36,85.25,9:50,85,11:30
TLT,Mon,5/4/2026,85.36,84.8,12:11,85,16:00
HD,Mon,5/4/2026,320,318,9:40,320,9:49
CRM,Mon,5/4/2026,185,185,9:40,187.9,9:50
VZ,Mon,5/4/2026,47.94,47.4,9:50,47.55,10:10
ED,Mon,5/4/2026,110.08,109.8,9:34,110.8,9:53
PG,Tue,5/5/2026,143.33,142.45,9:50,143,9:58
MSFT,Tue,5/5/2026,416.2,411,9:40,413,15:00
TLT,Tue,5/5/2026,85.15,85.12,10:19,85.26,10:30
HD,Tue,5/5/2026,314,310.9,9:44,313.4,10:05
CRM,Tue,5/5/2026,185,182.25,9:43,184.6,10:30
VZ,Tue,5/5/2026,47.74,47.35,9:55,47.22,11:23
ED,Tue,5/5/2026,109.6,109,10:31,110.5,10:50
STAG,Tue,5/5/2026,37.97,37.65,10:52,37.79,11:10
PG,Wed,5/6/2026,146.75,146,11:18,148,14:00
MSFT,Wed,5/6/2026,408,405.5,9:34,416,10:30
TLT,Wed,5/6/2026,86.06,86.06,9:30,86.06,9:30
HD,Wed,5/6/2026,322.5,319.75,9:55,323,10:24
CRM,Wed,5/6/2026,187.5,183.1,9:58,185.5,10:13
VZ,Wed,5/6/2026,47.11,46.92,11:20,47.26,14:00
ED,Wed,5/6/2026,109.5,107.6,9:50,108.1,10:08
STAG,Wed,5/6/2026,38.2,38.15,11:00,38.36,12:06
PG,Thu,5/7/2026,147.5,146.29,10:40,147.3,11:33
PG,Thu,5/7/2026,147.5,146.8,9:35,147.3,11:33
MSFT,Thu,5/7/2026,421,421,9:30,426,9:40
TLT,Thu,5/7/2026,86.27,86.15,9:52,86.23,10:11
HD,Thu,5/7/2026,325,323,10:15,323.7,10:55
CRM,Thu,5/7/2026,185,185,9:30,187.5,9:43
VZ,Thu,5/7/2026,47.23,47.15,10:50,47.47,11:06
ED,Thu,5/7/2026,106,105.66,9:55,106.55,10:55
STAG,Thu,5/7/2026,33.68,38.36,10:44,38.51,10:55
PG,Fri,5/8/2026,146.7,146.3,9:52,146.9,10:00
MSFT,Fri,5/8/2026,419.3,414.6,10:43,417,11:02
TLT,Fri,5/8/2026,86.08,86.08,9:30,86.23,9:53
HD,Fri,5/8/2026,323.5,320.5,10:12,322,10:27
CRM,Fri,5/8/2026,179,177.8,10:00,179.22,10:20
VZ,Fri,5/8/2026,47.4,47.1,9:48,47.3,10:00
VZ,Fri,5/8/2026,47.4,47.11,10:15,47.24,10:25
ED,Fri,5/8/2026,107.5,105,10:00,105.7,11:25
STAG,Fri,5/8/2026,38.7,38.7,9:30,39.3,12:00
PG,Mon,5/11/2026,145.8,143.35,10:20,142,13:00
MSFT,Mon,5/11/2026,408,408,9:32,411,9:35
TLT,Mon,5/11/2026,85.9,85.74,10:00,85.56,16:00
HD,Mon,5/11/2026,317.12,313.4,9:54,315.16,10:00
CRM,Mon,5/11/2026,180,178.36,11:00,177,13:00
VZ,Mon,5/11/2026,47.67,47.35,10:00,47.6,10:30
STAG,Mon,5/11/2026,39.07,38.7,10:00,38.9,12:45
PG,Tue,5/12/2026,144,142.97,9:47,143.7,9:58
MSFT,Tue,5/12/2026,415,407.77,9:47,410.1,10:20
TLT,Tue,5/12/2026,85.2,85.04,10:00,85.14,11:40
HD,Tue,5/12/2026,314,310.9,9:58,314,9:58
CRM,Tue,5/12/2026,177,174,9:50,175,10:00
VZ,Tue,5/12/2026,47.8,47.3,9:55,47.6,10:00
STAG,Tue,5/12/2026,38.58,38.32,10:05,38.6,11:30
MCD,Tue,5/12/2026,278.5,275.6,9:45,277.3,10:00
PG,Wed,5/13/2026,143.5,142.7,9:35,144.5,9:50
MSFT,Wed,5/13/2026,403.2,402.75,9:45,404,10:00
TLT,Wed,5/13/2026,84.94,84.65,11:00,84.89,12:30
HD,Wed,5/13/2026,307,299.5,11:30,302.5,14:20
CRM,Wed,5/13/2026,170,167,10:00,168.4,10:10
VZ,Wed,5/13/2026,47.75,47.5,11:08,47.65,15:00
STAG,Wed,5/13/2026,38.45,38.28,11:00,38.47,11:45
MCD,Wed,5/13/2026,274.5,274.8,9:35,276.3,9:54
PG,Thu,5/14/2026,143.7,143.2,9:50,144.2,10:17
MSFT,Thu,5/14/2026,405.5,402,9:44,408,10:25
TLT,Thu,5/14/2026,85.26,85.13,10:16,85.35,12:00
HD,Thu,5/14/2026,305.5,302.5,9:50,304.8,10:30
CRM,Thu,5/14/2026,167.5,165.3,9:43,167,10:09
VZ,Thu,5/14/2026,47.3,47,10:20,47.18,12:19
STAG,Thu,5/14/2026,38.55,38.27,10:30,38.5,11:21
MCD,Thu,5/14/2026,277,274.9,10:25,275.4,12:00
PG,Fri,5/15/2026,143.66,141.4,10:15,142,10:50
VZ,Fri,5/15/2026,47.4,47.18,10:00,47.37,10:40
STAG,Fri,5/15/2026,38,37.68,9:55,37.88,10:38
MCD,Fri,5/15/2026,276.4,275.5,9:36,277.2,10:00
VZ,Mon,5/18/2026,46.67,45.9,9:55,46.8,11:00
MCD,Mon,5/18/2026,276.5,276,9:33,278.5,9:44
PG,Tue,5/19/2026,142.9,141.1,9:40,143.5,10:10
MCD,Tue,5/19/2026,283.75,281.4,9:40,283,9:46
BX,Tue,5/19/2026,117.98,116.11,9:40,116.8,9:54
HD,Wed,5/20/2026,302.2,296.89,9:43,301.45,9:59
PG,Wed,5/20/2026,141.8,141.14,9:33,142,10:00
MCD,Wed,5/20/2026,280.5,277.58,9:35,279.2,9:55
BX,Wed,5/20/2026,115,113,9:35,114.3,9:40
MSFT,Wed,5/20/2026,415,412,10:11,414,10:15
PG,Wed,5/20/2026,141.8,140.97,10:10,141.48,10:28
ED,Wed,5/20/2026,107.65,107.5,9:44,108.19,9:55
PG,Thu,5/21/2026,142,140.2,9:50,141.5,10:00
MCD,Thu,5/21/2026,281.05,280.5,10:00,280.95,10:15
BX,Thu,5/21/2026,116.1,115.97,9:40,117,10:10
MSFT,Thu,5/21/2026,426,418.45,10:12,416,10:22
ED,Thu,5/21/2026,106.6,106.52,9:50,107,9:56
vz,Thu,5/21/2026,47.95,47.56,9:40,47.8,9:56
CRM,Thu,5/21/2026,176.41,173,9:42,174.4,9:55
HD,Thu,5/21/2026,306,304.6,9:40,308.35,9:50
HD,Fri,5/22/2026,315,312.5,9:40,314.2,9:45
PG,Fri,5/22/2026,143.7,143.7,11:15,143.83,11:23
MCD,Fri,5/22/2026,283.7,280.6,10:43,281.1,11:00
BX,Fri,5/22/2026,119.5,118.19,10:00,118.21,11:53
MSFT,Fri,5/22/2026,420,417,10:30,418.4,10:55
ED,Fri,5/22/2026,107.5,107.1,11:00,107.5,11:30
vz,Fri,5/22/2026,48.5,48.2,9:55,48.36,10:06
STAG,Fri,5/22/2026,38.1,37.84,10:40,37.95,11:40
HD,Tue,5/26/2026,316,309.6,10:50,310.2,0:00
PG,Tue,5/26/2026,144.6,144.15,9:32,145.54,9:40
MCD,Tue,5/26/2026,281.6,280.3,9:35,281.25,9:39
BX,Tue,5/26/2026,119.5,118.3,10:30,119.5,11:20
MSFT,Tue,5/26/2026,416,416,9:56,418.38,10:00
vz,Tue,5/26/2026,48.4,47.87,10:38,48.41,12:14
STAG,Tue,5/26/2026,38.2,38.07,10:23,38.34,11:00
ES,Tue,5/26/2026,70,69.6,11:00,69.96,12:26
HD,Wed,5/27/2026,315,315.22,9:32,320,9:45
PG,Wed,5/27/2026,143.4,144.8,9:32,147.7,9:45
MCD,Wed,5/27/2026,280.5,280.5,9:32,282,9:40
MCD,Wed,5/27/2026,280.5,281.25,9:53,282,9:57
BX,Wed,5/27/2026,118.99,118.05,9:55,119,10:05
MSFT,Wed,5/27/2026,411.7,411,9:31,412.5,9:35
vz,Wed,5/27/2026,48.5,48.26,10:00,48.5,10:08
STAG,Wed,5/27/2026,38.5,38.46,10:55,38.61,11:19
ES,Wed,5/27/2026,69.35,69.5,10:00,69.7,10:10
TLT,Wed,5/27/2026,85.26,85.23,10:33,85.4,11:30
HD,Thu,5/28/2026,317,316.33,9:35,318.22,9:50
PG,Thu,5/28/2026,146.5,145.9,10:00,146.4,10:15
MCD,Thu,5/28/2026,280,279,10:00,279.77,10:15
BX,Thu,5/28/2026,117.3,116.3,9:36,117.2,9:40
BX,Thu,5/28/2026,117.3,114.9,10:10,115.7,10:14
MSFT,Thu,5/28/2026,413,415,9:35,424,10:00
vz,Thu,5/28/2026,48.8,48.16,9:38,48.47,9:55
STAG,Thu,5/28/2026,38.2,38.04,10:00,38.23,10:20
HD,Fri,5/29/2026,320.85,319.84,9:50,320.85,10:30
PG,Fri,5/29/2026,145.5,143.5,10:00,145,10:26
MCD,Fri,5/29/2026,278.22,278.47,10:00,279.5,10:25
BX,Fri,5/29/2026,116.62,115.15,10:30,115.77,10:52
vz,Fri,5/29/2026,48,47.44,10:00,47.84,10:30
HD,Mon,6/1/2026,315.98,311,9:40,308,11:00
PG,Mon,6/1/2026,142.5,139.4,9:42,140.4,10:00
MCD,Mon,6/1/2026,278.65,274.77,11:00,275.5,14:07
TLT,Mon,6/1/2026,84.96,84.82,11:00,85.28,13:00
vz,Mon,6/1/2026,47.8,47.6,9:40,48,10:18
BX,Mon,6/1/2026,116.1,117.25,11:00,118.5,11:42
HD,Tue,6/2/2026,311,309.1,10:10,310.3,11:10
PG,Tue,6/2/2026,140.28,139.3,10:00,139.9,10:28
MCD,Tue,6/2/2026,273.7,273.25,9:51,275.5,10:55
TLT,Tue,6/2/2026,85.8,85.55,13:00,85.65,14:00
vz,Tue,6/2/2026,47.78,47.3,11:00,47.9,13:10
BX,Tue,6/2/2026,116.5,114.75,10:15,118,11:10
HD,Wed,6/3/2026,308.05,310,10:30,312.2,11:00
PG,Wed,6/3/2026,140.92,141.3,10:40,141.8,11:46
MCD,Wed,6/3/2026,275.77,275,10:35,276,11:56
TLT,Wed,6/3/2026,85.28,85.11,11:48,85.28,13:00
vz,Wed,6/3/2026,47.5,46.76,11:00,46.6,13:15
BX,Wed,6/3/2026,110,108.75,11:00,110,11:15
PG,Thu,6/4/2026,143,140.15,11:00,140.5,12:30
MCD,Thu,6/4/2026,277.5,274.75,11:00,273.11,15:50
vz,Thu,6/4/2026,47.2,45.55,11:00,44.9,16:00
BX,Thu,6/4/2026,112.25,114,11:00,118.8,11:35
BX,Fri,6/5/2026,117.8,115,9:45,115.79,10:14
HD,Fri,6/5/2026,310,310,9:32,312.4,9:40
MSFT,Fri,6/5/2026,428,426.35,9:46,423.6,10:03
PG,Fri,6/5/2026,141.3,141.3,9:30,142.9,9:35
MCD,Fri,6/5/2026,275,275,9:31,278,9:40
VZ,Fri,6/5/2026,45.12,45.17,10:22,45.97,14:40
TLT,Mon,6/8/2026,85.29,84.88,12:15,84.97,14:30
PG,Mon,6/8/2026,145.5,145.65,10:30,145.77,14:30
MCD,Mon,6/8/2026,278.5,278.15,9:38,279.2,9:47
VZ,Mon,6/8/2026,45.38,45.15,10:40,45.71,11:05
DUK,Mon,6/8/2026,124,123.2,10:00,122.29,15:48
ES,Mon,6/8/2026,70.58,68.8,10:00,68.19,15:50
ED,Mon,6/8/2026,106.01,104.8,12:15,104.5,15:50
HD,Mon,6/8/2026,309,310.19,9:50,313,10:12
TLT,Tue,6/9/2026,85,84.83,11:30,85.1,11:50
PG,Tue,6/9/2026,145,145.81,10:00,147,10:25
MCD,Tue,6/9/2026,277.9,277.8,9:45,281,10:30
VZ,Tue,6/9/2026,45.32,44.8,10:00,45.23,10:40
DUK,Tue,6/9/2026,122.5,121.8,9:48,123,10:17
ES,Tue,6/9/2026,68.4,68.1,9:40,68.75,10:15
ED,Tue,6/9/2026,105.16,104.4,9:52,106.6,11:30
TLT,Wed,6/10/2026,85.15,85.05,12:00,84.91,14:20
PG,Wed,6/10/2026,149.6,148.78,10:00,150,11:20
MCD,Wed,6/10/2026,284.5,282.7,9:52,283.8,9:56
VZ,Wed,6/10/2026,46.5,46,9:55,46.96,11:30
DUK,Wed,6/10/2026,124.97,123.76,9:50,125.3,11:30
ES,Wed,6/10/2026,69.39,68.7,10:15,69.5,11:30
ED,Wed,6/10/2026,109,106.8,10:14,108,11:20
PG,Thu,6/11/2026,148.7,148.7,10:03,149.2,10:43
MCD,Thu,6/11/2026,282.3,281.3,10:30,282.5,11:30
DUK,Thu,6/11/2026,125.5,125.5,10:02,126.1,10:15
TLT,Fri,6/12/2026,85.6,85.46,11:00,85.76,11:42
PG,Fri,6/12/2026,149.38,148.53,10:27,149.6,11:05
MCD,Fri,6/12/2026,286,284.1,10:08,285.9,10:30
VZ,Fri,6/12/2026,47.41,47.4,9:40,48.1,11:05
DUK,Fri,6/12/2026,124.7,124.42,11:40,125.02,12:02
ES,Fri,6/12/2026,68.28,67.42,12:40,68.36,15:31
ED,Fri,6/12/2026,107.08,107.5,11:30,107.9,12:00
TLT,Mon,6/15/2026,85.96,85.84,11:00,85.72,16:00
PG,Mon,6/15/2026,149,149.65,11:00,150.49,12:35
MCD,Mon,6/15/2026,284.4,284.4,9:35,287.34,9:58
VZ,Mon,6/15/2026,47.6,47.36,9:37,47.65,10:04
DUK,Mon,6/15/2026,124.1,123.75,9:36,125.5,10:30
ES,Mon,6/15/2026,68.78,68.51,9:57,69.49,10:25
ED,Mon,6/15/2026,107.08,106.8,9:38,108.4,10:26
HD,Mon,6/15/2026,332.33,332.33,10:20,334.5,10:50
TLT,Tue,6/16/2026,85.96,85.95,10:00,86.25,12:00
PG,Tue,6/16/2026,151.51,150.6,10:00,152,10:20
MCD,Tue,6/16/2026,287.99,285.5,9:55,288,10:20
VZ,Tue,6/16/2026,47.05,47.9,9:51,47.1,10:00
DUK,Tue,6/16/2026,125.86,125.47,10:00,126.18,10:10
ES,Tue,6/16/2026,69.75,69.75,9:30,70.6,9:35
ED,Tue,6/16/2026,108,107.8,10:00,109,10:25
HD,Tue,6/16/2026,332.36,335.15,9:52,337,10:15
VZ,Tue,6/16/2026,47.05,47.01,10:12,47.3,10:32
VZ,Tue,6/16/2026,47.05,46.75,11:08,47,11:23
TLT,Wed,6/17/2026,86.32,86.19,10:25,86.42,11:25
PG,Wed,6/17/2026,152.35,151.1,10:25,152.4,10:45
MCD,Wed,6/17/2026,286,285.5,9:33,287.3,9:37
VZ,Wed,6/17/2026,46.51,45.37,9:51,45.8,10:05
DUK,Wed,6/17/2026,125.05,124.8,10:00,124,14:00
ES,Wed,6/17/2026,69.41,69.6,9:47,70.02,10:10
ED,Wed,6/17/2026,107.87,107.6,9:44,108.1,10:30
HD,Wed,6/17/2026,335.9,337.6,10:40,339,11:40
PG,Thu,6/18/2026,150.11,151,9:50,152,10:00
MCD,Thu,6/18/2026,284.5,280.08,10:00,282,10:30
VZ,Thu,6/18/2026,45.67,45.77,10:00,45.95,10:50
DUK,Thu,6/18/2026,123.33,123.6,10:10,124.55,10:45
ES,Thu,6/18/2026,69.67,69.5,9:40,69.9,10:17
ED,Thu,6/18/2026,106.46,107,10:10,107.5,10:46
HD,Thu,6/18/2026,332.97,335,9:48,337,10:10
MSFT,Thu,6/18/2026,377.95,373.71,9:40,378,10:10
MCD,Mon,6/22/2026,277.76,273.6,10:00,271,16:00
VZ,Mon,6/22/2026,45.27,45.42,9:57,45.66,10:06
DUK,Mon,6/22/2026,123.79,124,10:00,124.46,10:25
ES,Mon,6/22/2026,69.3,69.3,9:31,69.75,9:45
ED,Mon,6/22/2026,106.5,106.5,9:30,107.48,9:40
HD,Mon,6/22/2026,329,327.5,9:37,330.4,9:45
MSFT,Mon,6/22/2026,375.56,376.8,9:37,380,9:45
PG,Mon,6/22/2026,150,149,9:42,149.8,9:50
PG,Mon,6/22/2026,150,149.5,10:00,150.75,10:25
AMT,Mon,6/22/2026,175.75,175.7,10:17,177.74,11:15
MCD,Tue,6/23/2026,274,271.7,9:39,273,10:44
VZ,Tue,6/23/2026,45.71,45.56,9:41,46.54,11:54
DUK,Tue,6/23/2026,124.75,123.6,9:40,125.1,10:27
ES,Tue,6/23/2026,70.24,70.15,10:00,71,11:15
ED,Tue,6/23/2026,107.7,107.1,9:38,108.94,11:21
HD,Tue,6/23/2026,323.87,322.36,9:38,327.7,10:18
PG,Tue,6/23/2026,149.66,149.8,9:37,151,9:48
MSFT,Tue,6/23/2026,372.38,372,9:32,375.4,9:44
AMT,Tue,6/23/2026,178.49,176,10:03,177.75,11:16
MCD,Wed,6/24/2026,271.52,271.2,9:33,273.25,9:45
VZ,Wed,6/24/2026,46.34,46,9:47,45.8,9:56
DUK,Wed,6/24/2026,125.87,125.23,9:45,125.69,9:50
ES,Wed,6/24/2026,71.23,71.23,9:30,71.1,10:00
ED,Wed,6/24/2026,108.5,108.5,9:30,109.52,9:38
HD,Wed,6/24/2026,328.69,328.69,9:30,335.98,9:52
PG,Wed,6/24/2026,151.37,151.7,9:34,152.4,9:45
MSFT,Wed,6/24/2026,371.58,371.58,9:30,376.5,9:36
AMT,Wed,6/24/2026,179,177.88,9:52,176.4,10:52
VZ,Wed,6/24/2026,46.34,45.7,10:10,46.12,10:17
MCD,Wed,6/24/2026,271.52,272.25,10:08,274,10:25
DUK,Wed,6/24/2026,125.87,124.8,10:30,125.07,10:50
MCD,Thu,6/25/2026,272.69,266.4,9:50,268.25,10:00
VZ,Thu,6/25/2026,45.62,45.49,9:37,45.9,9:58
HD,Thu,6/25/2026,344.15,344.66,12:00,345,15:54
PG,Thu,6/25/2026,151.57,150.34,9:40,151.4,9:50
MSFT,Thu,6/25/2026,363,357.3,9:50,354.17,11:00
AMT,Thu,6/25/2026,175.23,171.7,9:50,168,11:00
AMT,Thu,6/25/2026,175.23,167.4,11:19,169.2,11:56
MSFT,Thu,6/25/2026,363,354.17,11:00,353,16:00
MCD,Fri,6/26/2026,266.64,265.5,10:00,270,11:00
VZ,Fri,6/26/2026,46.2,46.03,11:00,46.58,13:30
HD,Fri,6/26/2026,348.57,346.5,10:00,350,12:10
PG,Fri,6/26/2026,150.3,149.36,10:00,149.8,11:30
AMT,Fri,6/26/2026,172,172,9:35,176.4,11:00
MSFT,Fri,6/26/2026,356.4,357.5,9:35,369.28,11:00
VZ,Mon,6/29/2026,45.57,43.96,9:45,43.5,11:35
AMT,Mon,6/29/2026,175.55,169.3,11:00,168.8,16:00
MSFT,Mon,6/29/2026,378,378.28,9:35,368.44,16:00
MCD,Mon,6/29/2026,271.5,268.72,10:00,265.85,13:00
HD,Mon,6/29/2026,348.9,346.5,9:40,347.8,10:40
PG,Mon,6/29/2026,148.95,147.4,9:50,148.3,10:20
VZ,Tue,6/30/2026,44.3,42.42,10:02,42.07,10:07
AMT,Tue,6/30/2026,168.74,164.06,10:03,164.98,10:32
MSFT,Tue,6/30/2026,370.88,369,9:37,372.31,9:52
MCD,Tue,6/30/2026,266.18,266.18,9:30,269,10:17
HD,Tue,6/30/2026,350.69,348.16,9:35,350,9:52
PG,Tue,6/30/2026,148.46,145.15,9:35,144.6,10:18
ES,Tue,6/30/2026,73.4,72.5,10:00,72.79,10:36
AMZN,Tue,6/30/2026,238.8,238.25,10:00,240.47,10:38
VZ,Wed,7/1/2026,42.32,42.07,9:32,42.7,9:39
AMT,Wed,7/1/2026,164,163,10:15,164,11:13
MSFT,Wed,7/1/2026,381,378,9:34,380.2,9:38
MCD,Wed,7/1/2026,270.3,269.25,9:37,270.2,10:03
HD,Wed,7/1/2026,351.5,351.8,9:40,354.25,9:51
PG,Wed,7/1/2026,146,145.79,9:33,146.5,10:00
ES,Wed,7/1/2026,72.57,72.13,10:00,72.62,10:15
AMZN,Wed,7/1/2026,239.98,237.4,9:40,238.4,10:03
AMZN,Wed,7/1/2026,239.98,236,10:00,239.75,10:25
MCD,Wed,7/1/2026,270.3,269.7,10:30,271.55,10:37
VZ,Thu,7/2/2026,42.2,42.26,10:21,42.22,10:45
AMT,Thu,7/2/2026,167.17,167.09,10:05,168.7,10:49
MSFT,Thu,7/2/2026,385,386.56,9:49,389.9,10:35
MCD,Thu,7/2/2026,272,270,10:37,272,10:48
HD,Thu,7/2/2026,351,347.92,10:04,352.55,10:43
PG,Thu,7/2/2026,148,147.9,10:00,149.24,10:34
ES,Thu,7/2/2026,73,72.9,10:20,73.46,10:45
AMZN,Thu,7/2/2026,242,242.4,10:00,243.5,10:05
VZ,Mon,7/6/2026,42.9,41.7,12:00,42.37,12:29
AMT,Mon,7/6/2026,166,160.58,10:00,162.5,12:29
MSFT,Mon,7/6/2026,388.27,382.85,9:35,384.5,9:46
MCD,Mon,7/6/2026,280.38,277.63,9:33,279,9:45
HD,Mon,7/6/2026,354,346.2,10:00,350,12:29
PG,Mon,7/6/2026,150.25,147.25,10:00,149.3,12:57
ES,Mon,7/6/2026,74.12,72.95,12:30,72.86,13:00
AMZN,Mon,7/6/2026,245,241.5,9:50,243.3,10:20
MCD,Mon,7/6/2026,280.38,274.18,10:25,275.36,12:30
VZ,Tue,7/7/2026,42.8,42.8,9:30,43.3,9:44
AMT,Tue,7/7/2026,164,164,9:30,166,9:40
MSFT,Tue,7/7/2026,393,390,9:42,391.7,9:46
MCD,Tue,7/7/2026,283,283,9:30,286,9:42
HD,Tue,7/7/2026,355,350,9:50,345.3,12:45
PG,Tue,7/7/2026,152.06,152.06,9:30,153.1,9:40
ES,Tue,7/7/2026,74,74.55,10:00,75.48,11:00
AMZN,Tue,7/7/2026,247.4,245.4,9:45,248,9:53
AMZN,Tue,7/7/2026,247.4,243.08,11:45,245.55,12:40
VZ,Wed,7/8/2026,42.5,42.3,9:35,42.57,9:57
AMT,Wed,7/8/2026,165.6,164.82,9:50,165.4,9:57
MSFT,Wed,7/8/2026,382.43,382,9:24,384,9:46
MCD,Wed,7/8/2026,281.27,277.8,9:34,278.5,9:47
HD,Wed,7/8/2026,339.3,331.25,9:34,335.89,9:54
PG,Wed,7/8/2026,150.9,149.2,9:42,150,9:50
ES,Wed,7/8/2026,74.8,73.93,9:40,74.8,10:18
AMZN,Wed,7/8/2026,243.63,242.7,9:43,244,9:48
AMZN,Wed,7/8/2026,243.63,242.2,10:00,244,10:22
VZ,Thu,7/9/2026,42.23,41.81,9:40,41.99,10:20
AMT,Thu,7/9/2026,165,163.8,9:40,165,10:00
MSFT,Thu,7/9/2026,375.8,374,9:33,377.8,9:43
MCD,Thu,7/9/2026,277.52,273.6,9:38,274.9,10:13
HD,Thu,7/9/2026,337.86,337,9:39,339,10:20
PG,Thu,7/9/2026,147.7,146,9:39,147.5,10:23
ES,Thu,7/9/2026,74,73.9,9:40,74.57,10:25
DUK,Thu,7/9/2026,126.52,125.6,10:00,126.45,10:20
AMZN,Thu,7/9/2026,239.24,240.4,10:20,241.2,10:38
VZ,Fri,7/10/2026,41.71,41.71,9:30,42.2,9:44
AMT,Fri,7/10/2026,166.96,166.96,9:30,168.25,9:40
MSFT,Fri,7/10/2026,387.8,388,9:35,390.9,9:39
MCD,Fri,7/10/2026,277,273,9:38,276,9:41
HD,Fri,7/10/2026,338.74,338.18,9:31,341.79,9:41
PG,Fri,7/10/2026,147.1,147.04,9:35,147.75,9:40
AMZN,Fri,7/10/2026,250,247.74,9:47,245.53,9:55
MSFT,Fri,7/10/2026,387.8,383.9,10:02,385.11,10:10
AMZN,Fri,7/10/2026,250,245.2,10:05,246.1,10:12
DUK,Fri,7/10/2026,125.16,125.34,10:00,126,10:20
VZ,Mon,7/13/2026,42.37,42.58,10:14,42.73,11:15
AMT,Mon,7/13/2026,170,169.6,10:30,170,10:35
MCD,Mon,7/13/2026,276.6,273.5,9:34,274.8,9:40
HD,Mon,7/13/2026,342.5,339.8,10:40,338.65,11:38
PG,Mon,7/13/2026,148.06,147.6,10:40,148.15,14:45
AMZN,Mon,7/13/2026,247,246,9:50,248,10:05
MSFT,Mon,7/13/2026,387.73,385,10:08,385.9,10:41
DUK,Mon,7/13/2026,125.8,125.8,9:30,127,9:55
MCD,Mon,7/13/2026,276.6,273.15,10:40,271.92,11:48
VZ,Tue,7/14/2026,42.6,42.25,10:35,42.44,10:56
AMT,Tue,7/14/2026,169,166.79,10:12,168,13:53
MCD,Tue,7/14/2026,273,270.25,10:30,270.95,10:52
HD,Tue,7/14/2026,340.5,337.6,10:20,339.15,11:00
PG,Tue,7/14/2026,148,145.65,10:40,146.44,13:55
AMZN,Tue,7/14/2026,245.5,244.5,9:51,246,10:35
MSFT,Tue,7/14/2026,382.7,380,9:35,387,11:00
DUK,Tue,7/14/2026,127.15,127.03,10:15,126.37,16:00
VZ,Wed,7/15/2026,42.34,42.6,9:39,43.1,9:50
AMT,Wed,7/15/2026,168.2,168.6,9:35,170.55,10:11
MCD,Wed,7/15/2026,269,266.5,9:35,268.3,10:06
HD,Wed,7/15/2026,338.75,338.75,9:30,344.1,10:00
PG,Wed,7/15/2026,146,145.1,9:35,146.1,9:45
AMZN,Wed,7/15/2026,250,251.3,9:46,254.5,10:20
MSFT,Wed,7/15/2026,387.66,387.5,9:44,394.6,10:13
DUK,Wed,7/15/2026,126.21,125,10:13,126,10:37
VZ,Thu,7/16/2026,42.95,43.22,10:30,43.5,10:50
AMT,Thu,7/16/2026,169.07,167.9,10:30,169.2,11:02
MCD,Thu,7/16/2026,266.76,268.81,10:30,270,10:58
HD,Thu,7/16/2026,341.8,345,10:15,347,10:45
PG,Thu,7/16/2026,149,148.12,9:34,148.9,9:40
AMZN,Thu,7/16/2026,255,253.6,9:35,254.53,9:57
MSFT,Thu,7/16/2026,398.08,394.68,9:34,395.4,9:57
DUK,Thu,7/16/2026,124.8,125,10:35,125.8,11:10
PG,Thu,7/16/2026,149,148.6,10:37,149.9,11:05
VZ,Fri,7/17/2026,44.64,44.34,10:00,43.59,16:00
AMT,Fri,7/17/2026,171.44,169.9,10:15,171,10:55
MCD,Fri,7/17/2026,274.47,272,12:00,267.7,16:00
HD,Fri,7/17/2026,349.3,349.3,9:30,353.34,9:50
HD,Fri,7/17/2026,349.3,347.21,10:40,346.25,11:38
PG,Fri,7/17/2026,152.46,152,10:30,149.98,16:00
AMZN,Fri,7/17/2026,244.7,245,9:52,248.8,10:27
MSFT,Fri,7/17/2026,394.86,389.69,11:00,394.5,13:00
DUK,Fri,7/17/2026,127.96,127,11:18,125,16:00
VZ,Mon,7/20/2026,43.28,43.22,10:00,43.5,10:20
AMT,Mon,7/20/2026,168.23,168.9,10:10,169.5,11:00
MCD,Mon,7/20/2026,269.7,266.55,13:30,267.5,15:45
HD,Mon,7/20/2026,337.7,334.4,10:00,333.04,16:00
PG,Mon,7/20/2026,149.56,148.8,9:44,149.85,10:50
AMZN,Mon,7/20/2026,249.4,249.5,10:00,252,12:00
MSFT,Mon,7/20/2026,391.41,390.31,10:00,401.5,12:30
DUK,Mon,7/20/2026,126.31,126.34,10:00,126.9,11:00
VZ,Tue,7/21/2026,43.37,43,9:44,43.4,10:30
AMT,Tue,7/21/2026,165.61,164.9,10:20,164,13:00
MCD,Tue,7/21/2026,266.63,264.7,10:30,265.28,12:30
HD,Tue,7/21/2026,332,327.66,9:44,328.5,9:50
PG,Tue,7/21/2026,148.28,147.17,9:45,147.7,9:48
AMZN,Tue,7/21/2026,249.12,247.25,10:20,248.3,10:40
MSFT,Tue,7/21/2026,399.65,398.5,10:16,400.9,10:25
DUK,Tue,7/21/2026,125.1,124.9,9:44,125.3,9:49
PG,Wed,7/22/2026,150.07,149.25,11:06,150.27,11:50
AMT,Wed,7/22/2026,164.04,164,10:00,166,11:14
MCD,Wed,7/22/2026,264.7,263.3,11:20,264.6,11:45
HD,Wed,7/22/2026,333.25,331,11:00,333,11:47
VZ,Wed,7/22/2026,44.78,44.43,12:00,44.35,15:36
AMZN,Wed,7/22/2026,248.3,244.7,9:50,246.5,10:10
MSFT,Wed,7/22/2026,395,391,9:53,389,15:30
DUK,Wed,7/22/2026,126.85,126.6,9:49,127.6,10:17
PG,Thu,7/23/2026,146.76,145.76,9:35,147.4,9:40
AMT,Thu,7/23/2026,165,164.86,10:00,168.2,11:04
MCD,Thu,7/23/2026,261.6,262,10:30,263.8,11:08
HD,Thu,7/23/2026,326,324.4,10:09,326,10:14
VZ,Thu,7/23/2026,44.3,44,9:42,44.5,11:09
AMZN,Thu,7/23/2026,236.32,234,10:25,234.5,12:25
MSFT,Thu,7/23/2026,390,383.4,10:22,378.3,11:05
DUK,Thu,7/23/2026,127.5,127.8,9:48,129.5,11:00
PG,Thu,7/23/2026,146.76,146.18,10:25,146.9,11:00
PG,Fri,7/24/2026,146.45,145.5,9:40,147,10:15
AMT,Fri,7/24/2026,166.7,166.7,9:31,169,10:00
MCD,Fri,7/24/2026,264.5,263.73,9:40,264.6,9:50
HD,Fri,7/24/2026,326,325.7,10:00,326.84,10:16
VZ,Fri,7/24/2026,44,44,9:30,45,9:35
AMZN,Fri,7/24/2026,234.6,233,9:45,233.25,11:03
MSFT,Fri,7/24/2026,386.5,381.1,9:49,383.5,10:55
DUK,Fri,7/24/2026,129.8,129.4,9:32,130.48,10:17
PG,Mon,7/27/2026,148,148.19,10:00,150,10:45
AMT,Mon,7/27/2026,166.5,166,10:24,168,10:45
MCD,Mon,7/27/2026,267.5,267.15,10:10,270.7,10:40
HD,Mon,7/27/2026,339.43,337.3,10:02,340,10:43
VZ,Mon,7/27/2026,46.4,46.8,9:40,47.4,12:00
AMZN,Mon,7/27/2026,233.7,233,10:47,233.95,11:10
MSFT,Mon,7/27/2026,390,389.8,10:50,393,11:15
DUK,Mon,7/27/2026,130.5,129.5,9:52,130.15,10:26
PG,Tue,7/28/2026,151.5,151.8,10:09,152.7,10:17
AMT,Tue,7/28/2026,170.4,170.4,9:30,178,10:00
MCD,Tue,7/28/2026,275.38,274.78,9:35,277.51,9:54
HD,Tue,7/28/2026,343.65,343.65,9:30,347.38,9:38
VZ,Tue,7/28/2026,48.4,48.4,9:30,49,9:50
AMZN,Tue,7/28/2026,232.85,228.6,11:00,231.5,12:20
MSFT,Tue,7/28/2026,393.16,392.3,9:57,396.6,10:25
DUK,Tue,7/28/2026,129.85,129.85,9:30,132,10:00
PG,Wed,7/29/2026,151.5,141.43,9:35,143.15,9:37
AMT,Wed,7/29/2026,172.4,176,9:46,177.7,9:55
MCD,Wed,7/29/2026,275.38,271,9:37,272.43,9:50
HD,Wed,7/29/2026,343.65,338,9:35,341,9:52
VZ,Wed,7/29/2026,48.4,48,9:35,48.35,9:52
AMZN,Wed,7/29/2026,232.85,227.52,10:43,228.5,11:35
MSFT,Wed,7/29/2026,393.16,390,9:52,392.8,10:05
DUK,Wed,7/29/2026,129.85,129.4,9:39,130.22,9:52
PG,Thu,7/30/2026,143.5,142.81,9:55,143.7,10:07
AMT,Thu,7/30/2026,178,174,10:00,173.12,10:29
MCD,Thu,7/30/2026,270.5,267.48,10:22,268.8,10:25
HD,Thu,7/30/2026,334,333,10:00,335.27,10:19
VZ,Thu,7/30/2026,46.5,46.18,10:08,45.85,10:30
AMZN,Thu,7/30/2026,233.32,233,9:33,236.92,10:04
MSFT,Thu,7/30/2026,435,435,9:30,449,9:45
DUK,Thu,7/30/2026,128.67,126.79,10:02,125.6,11:17
ED,Thu,7/30/2026,111.77,109.95,10:15,108.8,11:15
STAG,Thu,7/30/2026,38.5,38,10:20,38.2,12:20
PG,Fri,7/31/2026,148.18,142,9:35,143,9:55
AMT,Fri,7/31/2026,173,171.75,10:17,172.4,11:00
MCD,Fri,7/31/2026,268,265.5,9:35,267.8,9:44
HD,Fri,7/31/2026,334,330,9:35,332.5,9:42
VZ,Fri,7/31/2026,46,45.76,9:35,46.35,10:09
AMZN,Fri,7/31/2026,266.35,266.35,9:30,270.5,10:00
MSFT,Fri,7/31/2026,450.5,450.5,9:30,459.75,10:00
DUK,Fri,7/31/2026,125.87,124.9,9:57,125.9,10:13
ED,Fri,7/31/2026,109,108.47,10:00,109.4,10:15
STAG,Fri,7/31/2026,38.6,38.23,10:00,38.3,11:30
PG,Mon,8/3/2026,145.91,145,11:00,145.4,12:15
AMT,Mon,8/3/2026,174.6,173,9:30,174.5,9:50
MCD,Mon,8/3/2026,275.11,271,10:48,269,14:40
HD,Mon,8/3/2026,339.25,334.5,11:12,339,15:08
VZ,Mon,8/3/2026,47.55,47.91,9:42,47.62,10:10
AMZN,Mon,8/3/2026,278.95,278.95,9:30,284,9:35
MSFT,Mon,8/3/2026,476.6,476.6,9:30,488,9:48
DUK,Mon,8/3/2026,125.54,124.7,9:40,126,10:10
ED,Mon,8/3/2026,108.17,107.6,9:40,108.94,10:12
STAG,Mon,8/3/2026,38.3,38.12,10:25,38.45,14:30
PG,Tue,8/4/2026,144.1,144.4,9:38,145.73,10:06
AMT,Tue,8/4/2026,170,169.7,9:35,172.9,10:48
MCD,Tue,8/4/2026,270,266.5,9:42,269.15,10:22
HD,Tue,8/4/2026,340,340,9:39,342.8,10:20
VZ,Tue,8/4/2026,47.09,46.09,10:08,46.4,10:46
AMZN,Tue,8/4/2026,270.06,277,10:00,280,10:14
MSFT,Tue,8/4/2026,484,484,9:30,488.5,9:44
DUK,Tue,8/4/2026,123.75,122.2,9:40,123.11,10:38
ED,Tue,8/4/2026,107.42,106.4,9:42,107.57,10:50
STAG,Tue,8/4/2026,38.34,37.63,10:47,38.04,11:37
PG,Wed,8/5/2026,147.46,145.7,9:50,146.83,10:30
AMT,Wed,8/5/2026,171.5,167,10:04,164.4,10:14
AMT,Wed,8/5/2026,171.5,162.56,11:28,166,12:06
MCD,Wed,8/5/2026,271,270,9:52,273,10:07
HD,Wed,8/5/2026,349.15,349.5,9:33,351,10:02
VZ,Wed,8/5/2026,46,45.12,10:00,45.85,12:02
AMZN,Wed,8/5/2026,282,275.63,10:00,276.82,10:25
DUK,Wed,8/5/2026,124.14,122.71,9:48,123.63,10:00
ED,Wed,8/5/2026,108,107.5,9:45,108,10:03
STAG,Wed,8/5/2026,38,37.29,9:42,37.4,12:00
ES,Wed,8/5/2026,73,72.28,9:47,72.55,10:03
PG,Wed,8/5/2026,147.46,144.78,11:37,145.5,12:00
PG,Fri,8/7/2026,144.99,144.4,9:38,146.7,10:20
AMT,Fri,8/7/2026,171.75,171.34,10:00,172.74,10:19
MCD,Fri,8/7/2026,272.49,275,9:40,276.15,10:19
HD,Fri,8/7/2026,351,350.5,9:40,356,10:20
VZ,Fri,8/7/2026,46.65,46.17,9:50,46.56,10:30
AMZN,Fri,8/7/2026,272.89,272.89,9:30,276.5,9:45
DUK,Fri,8/7/2026,123.11,123,9:37,124,10:16
ED,Fri,8/7/2026,108.14,107.4,10:15,108.1,10:50
STAG,Fri,8/7/2026,36.7,36.84,9:37,36.96,10:43
ES,Fri,8/7/2026,72.13,71.8,9:37,72.23,10:18
PG,Thu,8/6/2026,147.5,147.26,10:00,147.26,11:00
AMT,Thu,8/6/2026,170,169.5,9:40,171,11:00
MCD,Thu,8/6/2026,275.74,272,10:00,274,11:00
HD,Thu,8/6/2026,352.12,350,10:00,351.5,11:00
VZ,Thu,8/6/2026,47.02,46.65,10:00,46.84,10:45
DUK,Thu,8/6/2026,124.5,122.87,10:00,123.38,10:44
ED,Thu,8/6/2026,108.69,107.54,10:00,108.65,10:45
STAG,Thu,8/6/2026,37.65,37,10:00,36.94,15:15
ES,Thu,8/6/2026,109.4,107.9,10:00,108.3,10:50
PG,Mon,8/10/2026,144.73,144.75,10:15,145.85,11:00
AMT,Mon,8/10/2026,171.26,169.2,9:44,169.96,10:58
MCD,Mon,8/10/2026,274.14,270.43,10:11,273.72,11:00
HD,Mon,8/10/2026,352.1,347.5,10:09,350,10:59
VZ,Mon,8/10/2026,46.61,46.15,10:23,46.72,11:00
AMZN,Mon,8/10/2026,274.6,275.27,10:00,277.7,10:37
DUK,Mon,8/10/2026,124,121.54,10:10,122.4,12:58
ED,Mon,8/10/2026,107.4,106.11,10:07,106.9,12:58
STAG,Mon,8/10/2026,37.09,36.69,10:38,36.81,15:14
ES,Mon,8/10/2026,72.05,71.14,10:15,71.6,10:58
PG,Tue,8/11/2026,145,144.05,10:29,145.26,12:21
AMT,Tue,8/11/2026,168.5,169.85,10:05,171.62,10:43
MCD,Tue,8/11/2026,272.8,271.46,10:14,272.73,10:38
HD,Tue,8/11/2026,352.29,355.34,11:43,357.58,12:05
VZ,Tue,8/11/2026,47.27,47.12,10:50,47.34,11:43
AMZN,Tue,8/11/2026,276.6,273.79,9:48,274.5,10:42
DUK,Tue,8/11/2026,121.25,121.42,10:53,122.8,12:45
ED,Tue,8/11/2026,106.87,106.01,10:00,107,11:55
STAG,Tue,8/11/2026,36.85,36.56,10:50,36.9,12:57
ES,Tue,8/11/2026,71.2,70.71,11:00,71.25,11:55
PG,Wed,8/12/2026,144,144,10:36,144.4,11:47
AMT,Wed,8/12/2026,169.22,169.5,9:48,171.17,10:21
MCD,Wed,8/12/2026,271.86,270.21,9:45,274,11:01
HD,Wed,8/12/2026,352,343.42,10:00,345.7,11:15
VZ,Wed,8/12/2026,46.96,46.79,10:07,46.98,10:23
AMZN,Wed,8/12/2026,272.2,269.2,10:06,270.62,10:17
DUK,Wed,8/12/2026,122.67,122.9,11:00,123.65,11:55
ED,Wed,8/12/2026,107.53,107.59,10:35,107.93,11:33
STAG,Wed,8/12/2026,36.72,36.8,10:42,37,12:00
ES,Wed,8/12/2026,71.16,71.11,10:42,71.32,11:40
PG,Thu,8/13/2026,144.9,145.05,9:49,145.78,10:06
AMT,Thu,8/13/2026,171.35,172.12,10:10,173.5,10:20
MCD,Thu,8/13/2026,277.38,276,10:14,272.25,16:00
HD,Thu,8/13/2026,346.88,343.15,9:45,346.22,10:02
VZ,Thu,8/13/2026,47.09,47.26,9:50,47.58,10:24
AMZN,Thu,8/13/2026,267.74,266,9:30,268,9:34
DUK,Thu,8/13/2026,123.8,124.16,10:10,124.6,10:26
ED,Thu,8/13/2026,108,108,10:12,108.5,10:39
STAG,Thu,8/13/2026,37.1,37.05,11:00,37.15,11:30
ES,Thu,8/13/2026,71.82,72.04,10:12,72.42,10:30
PG,Thu,8/13/2026,144.43,143.54,10:02,143.9,10:19
AMT,Thu,8/13/2026,174.8,174.65,9:40,175.19,9:44
MCD,Thu,8/13/2026,272.33,272.47,9:42,274.5,10:22
HD,Thu,8/13/2026,340.4,337,9:44,338,10:02
VZ,Thu,8/13/2026,48.47,48.24,9:34,48.55,9:58
AMZN,Thu,8/13/2026,264.4,264.82,10:12,264.26,12:25
DUK,Thu,8/13/2026,123.18,123.25,10:12,123.7,11:50
ED,Thu,8/13/2026,108.2,108.27,10:05,108.7,10:26
STAG,Thu,8/13/2026,36.95,36.93,11:00,37.1,11:29
ES,Thu,8/13/2026,71.75,72.1,10:09,72.37,10:26
PG,Mon,8/17/2026,143.98,143.25,9:58,142.65,11:00
AMT,Mon,8/17/2026,175,172.8,11:00,173.89,12:24
MCD,Mon,8/17/2026,271.3,266.84,10:11,267.38,12:31
HD,Mon,8/17/2026,336,333.98,10:15,336.14,10:15
VZ,Mon,8/17/2026,48.22,48.31,9:53,48.6,10:21
AMZN,Mon,8/17/2026,265.15,262.04,9:40,261.55,11:30
DUK,Mon,8/17/2026,123.25,122.95,11:00,123.99,14:14
ED,Mon,8/17/2026,108.49,108.65,9:55,109,10:35
PG,Tue,8/18/2026,143.9,142.8,9:38,143.8,9:57
PG,Tue,8/18/2026,143.9,143.17,10:32,144.35,10:51
AMT,Tue,8/18/2026,174.88,173.42,9:59,174.46,11:00
MCD,Tue,8/18/2026,267.02,267.13,9:40,268.75,9:45
HD,Tue,8/18/2026,337.87,333.3,9:42,340.35,10:02
VZ,Tue,8/18/2026,48.57,48.47,9:42,48.89,10:11
AMZN,Tue,8/18/2026,260.63,258,9:57,261.8,10:37
DUK,Tue,8/18/2026,124.75,124.75,9:40,125.59,9:57
ED,Tue,8/18/2026,110.01,109.5,9:37,110.05,9:51
PG,Wed,8/19/2026,143.73,144.31,11:49,144.87,14:59
AMT,Wed,8/19/2026,173,173.85,10:47,174.6,11:04
MCD,Wed,8/19/2026,267,268.07,9:47,270.68,9:55
HD,Wed,8/19/2026,345,345,9:30,350.11,10:20
VZ,Wed,8/19/2026,48.82,49.07,12:10,49.18,14:13
AMZN,Wed,8/19/2026,260.85,259.25,9:50,264.63,10:53
DUK,Wed,8/19/2026,124.73,123.15,11:50,124,14:12
ED,Wed,8/19/2026,109.15,108.36,10:52,108.53,14:37
PG,Thu,8/20/2026,144.21,142.95,10:37,142.89,11:25
AMT,Thu,8/20/2026,177.04,175.52,10:42,176.84,11:23
MCD,Thu,8/20/2026,267.42,269.33,10:36,270.75,11:18
HD,Thu,8/20/2026,334.4,334.25,10:00,337,11:05
VZ,Thu,8/20/2026,49.33,49.31,10:00,49.55,11:30
AMZN,Thu,8/20/2026,262.91,261,10:17,262.2,10:43
DUK,Thu,8/20/2026,123.25,123.55,10:30,124.09,11:13
ED,Thu,8/20/2026,107.5,107.44,9:34,108.92,9:51
PG,Fri,8/21/2026,143,142.4,9:37,144,10:20
AMT,Fri,8/21/2026,175.96,175.96,9:30,177.47,9:47
MCD,Fri,8/21/2026,268.38,268.5,10:30,270.5,11:10
HD,Fri,8/21/2026,336.52,333.06,9:35,338,10:20
VZ,Fri,8/21/2026,49.29,49.24,9:34,49.7,10:12
AMZN,Fri,8/21/2026,260.74,258,9:42,259.73,10:25
DUK,Fri,8/21/2026,122.73,120.87,10:50,120.5,14:25
ED,Fri,8/21/2026,108,107.52,9:42,108.16,9:57
PG,Mon,8/24/2026,145.37,145.85,9:40,146.5,9:52
AMT,Mon,8/24/2026,176.46,177,10:51,178.8,12:05
MCD,Mon,8/24/2026,272.2,271.4,10:20,271.8,10:40
HD,Mon,8/24/2026,336,337.4,11:00,337.26,15:23
VZ,Mon,8/24/2026,49.6,49.65,10:30,50,11:00
AMZN,Mon,8/24/2026,260,261,10:12,262.5,10:40
DUK,Mon,8/24/2026,120.68,120.3,9:38,121,9:52
ED,Mon,8/24/2026,107,106.3,9:40,106.9,10:43
PG,Tue,8/25/2026,146.4,145.04,9:52,145.78,10:09
AMT,Tue,8/25/2026,178.36,177.38,10:13,178.3,10:24
MCD,Tue,8/25/2026,271.56,270,11:11,268.1,16:00
HD,Tue,8/25/2026,339.5,334.98,10:40,336.8,11:47
VZ,Tue,8/25/2026,50,49.85,9:52,50.23,10:28
AMZN,Tue,8/25/2026,263.5,260.64,10:21,261.17,12:07
DUK,Tue,8/25/2026,121.74,121.44,9:44,121.84,10:08
ED,Tue,8/25/2026,107.64,107,9:48,107.5,10:05
PG,Wed,8/26/2026,145.31,144.9,9:59,145.2,10:09
AMT,Wed,8/26/2026,180,177.92,11:00,175.73,16:00
MCD,Wed,8/26/2026,268.64,267.01,10:05,268.15,10:23
HD,Wed,8/26/2026,339.35,336.25,9:58,337.75,10:17
VZ,Wed,8/26/2026,50.38,50.14,9:48,50.68,10:20
AMZN,Wed,8/26/2026,261.28,259,10:35,260.43,11:05
DUK,Wed,8/26/2026,121.8,121.9,9:49,122.5,10:17
ED,Wed,8/26/2026,107.26,107.51,10:52,108.1,11:23
PG,Wed,8/26/2026,145.31,144.63,10:54,145.05,11:15
DUK,Wed,8/26/2026,121.8,121.8,10:52,122.15,11:07
PG,Thu,8/27/2026,143.42,143,9:41,143.82,10:37
AMT,Thu,8/27/2026,175,174.5,10:00,175.55,10:32
MCD,Thu,8/27/2026,265.5,262.8,10:17,263.5,10:50
HD,Thu,8/27/2026,329.1,328.96,10:16,331.71,10:45
VZ,Thu,8/27/2026,49.57,49.3,9:42,49.79,10:35
AMZN,Thu,8/27/2026,259.23,256,9:39,257.63,9:55
DUK,Thu,8/27/2026,120.8,120.4,9:52,120.92,10:25
ED,Thu,8/27/2026,107.04,106.2,9:40,106.9,10:25
PG,Fri,8/28/2026,143.28,143.19,9:40,143.72,9:52
PG,Fri,8/28/2026,143.28,143.3,11:18,143.73,12:02
AMT,Fri,8/28/2026,175.12,175.7,11:20,176.08,14:28
MCD,Fri,8/28/2026,261.36,261.36,9:30,264.25,9:57
HD,Fri,8/28/2026,330.5,328.25,9:40,330.19,10:02
VZ,Fri,8/28/2026,49.52,49.52,9:30,50.1,10:12
AMZN,Fri,8/28/2026,258.32,258.32,9:30,264.5,10:55
DUK,Fri,8/28/2026,121.11,120.5,11:50,120.22,16:00
ED,Fri,8/28/2026,107.26,107.01,10:01,107.5,10:16
PG,Mon,8/31/2026,143.57,142.65,9:35,144.3,10:18
AMT,Mon,8/31/2026,175,173.57,9:57,175.05,10:57
MCD,Mon,8/31/2026,265.37,264,10:32,264.78,10:48
HD,Mon,8/31/2026,327,326.7,10:00,328.49,10:49
VZ,Mon,8/31/2026,50.07,49.98,10:00,50.17,10:50
AMZN,Mon,8/31/2026,263.7,261.49,9:46,261.32,11:10
DUK,Mon,8/31/2026,119.6,119.16,10:27,119.81,10:50
ED,Mon,8/31/2026,106.8,106.6,10:27,107,11:10
PG,Tue,9/1/2026,145.76,145.76,9:30,147.9,10:04
AMT,Tue,9/1/2026,175.9,174.73,11:00,175.9,13:18
MCD,Tue,9/1/2026,262.97,261.42,10:00,264,10:30
HD,Tue,9/1/2026,325.55,321.69,11:00,319.77,16:00
VZ,Tue,9/1/2026,50.6,50.29,11:15,50.5,13:17
AMZN,Tue,9/1/2026,254.83,254.11,9:34,255,10:40
DUK,Tue,9/1/2026,120.35,120,9:46,120.6,10:30
ED,Tue,9/1/2026,108,107.2,10:11,107.9,10:30
PG,Wed,9/2/2026,146.86,145.88,9:35,147,10:00
PG,Wed,9/2/2026,146.86,146.46,10:12,147.4,11:05
AMT,Wed,9/2/2026,175,173,11:00,174.44,12:04
MCD,Wed,9/2/2026,261.96,260.85,10:12,262.31,11:06
HD,Wed,9/2/2026,321,319.25,9:47,321.4,10:14
VZ,Wed,9/2/2026,50.5,50.5,10:00,50.78,10:59
AMZN,Wed,9/2/2026,254.26,254.24,9:33,255.75,10:15
DUK,Wed,9/2/2026,120,119.46,9:55,120.4,11:32
ED,Wed,9/2/2026,107.31,106.4,10:00,106.9,10:13
PG,Thu,9/3/2026,147,147.05,9:46,147.68,11:51
AMT,Thu,9/3/2026,174.99,174.99,9:30,177.86,11:53
MCD,Thu,9/3/2026,261.74,258.5,9:51,259.67,15:20
HD,Thu,9/3/2026,317.76,315.4,10:24,318.16,11:08
VZ,Thu,9/3/2026,50.33,50.25,9:53,50.78,12:59
AMZN,Thu,9/3/2026,256.32,256.45,11:00,259.11,11:36
DUK,Thu,9/3/2026,120.81,121.04,11:00,121.77,11:36
ED,Thu,9/3/2026,108.14,108,10:37,108.5,11:50
PG,Thu,9/3/2026,147,146.61,10:29,147.68,11:51
PG,Fri,9/4/2026,146.5,146.55,10:00,146.81,10:12
AMT,Fri,9/4/2026,176.39,175.49,10:49,176.24,11:48
MCD,Fri,9/4/2026,258.02,255.96,10:55,256.97,11:28
HD,Fri,9/4/2026,316.58,317.94,10:02,319.7,10:34
VZ,Fri,9/4/2026,50.46,50.25,9:59,50.45,10:58
AMZN,Fri,9/4/2026,260.79,255.94,11:10,257.31,12:33
DUK,Fri,9/4/2026,120.98,120.9,10:00,121.32,11:15
ED,Fri,9/4/2026,108.27,108.22,11:48,107.54,15:10
PG,Tue,9/8/2026,145.41,144.73,10:18,145.12,12:37
AMT,Tue,9/8/2026,175.65,174.38,9:42,176.7,10:02
MCD,Tue,9/8/2026,254.83,255.43,11:03,256.47,12:09
HD,Tue,9/8/2026,319.8,317,10:09,315,14:02
VZ,Tue,9/8/2026,50,50.3,9:53,50.54,10:34
AMZN,Tue,9/8/2026,256.76,255.25,10:32,255.97,10:48
DUK,Tue,9/8/2026,120.21,120.65,9:50,121.1,10:11
ED,Tue,9/8/2026,107.69,107.8,9:42,108.48,10:14
PG,Wed,9/9/2026,143.59,142.85,9:40,143.91,10:05
AMT,Wed,9/9/2026,175.72,175.15,10:35,175.72,14:03
MCD,Wed,9/9/2026,225.5,253.95,11:10,255.5,13:30
HD,Wed,9/9/2026,310.9,310.75,11:00,311.61,13:15
VZ,Wed,9/9/2026,50.15,49.19,11:54,50,14:35
AMZN,Wed,9/9/2026,253.12,251.75,10:25,252.34,13:15
DUK,Wed,9/9/2026,121.01,119.97,11:12,120.4,14:03
ED,Wed,9/9/2026,108.52,107.46,11:12,107.64,14:47
PG,Thu,9/10/2026,142.7,142.33,11:00,143.38,14:51
AMT,Thu,9/10/2026,176.67,173.36,11:05,172.98,16:00
MCD,Thu,9/10/2026,254.5,252.69,11:00,254.21,12:36
HD,Thu,9/10/2026,306.83,306,10:04,307.42,10:59
VZ,Thu,9/10/2026,50.02,49.86,11:00,50.13,11:33
AMZN,Thu,9/10/2026,250.19,251.17,9:44,252.2,10:30
DUK,Thu,9/10/2026,121,119.34,11:35,119.9,14:15
ED,Thu,9/10/2026,108.41,106.8,11:33,107.36,12:36
PG,Fri,9/11/2026,144.06,143.09,9:59,144.65,10:17
AMT,Fri,9/11/2026,175.21,175.21,9:30,177.49,9:56
MCD,Fri,9/11/2026,254,252.29,9:59,253.19,10:19
HD,Fri,9/11/2026,310.25,308.06,10:00,309.42,11:22
VZ,Fri,9/11/2026,50.05,50.05,9:30,50.45,10:20
AMZN,Fri,9/11/2026,255.73,255.73,9:30,256.34,9:40
DUK,Fri,9/11/2026,120.26,119.2,11:10,119.65,11:54
ED,Fri,9/11/2026,107.45,106.34,11:04,107,11:09
PG,Mon,9/14/2026,147.17,146.15,10:46,146.8,11:08
AMT,Mon,9/14/2026,179.7,175.06,10:38,177.44,11:49
MCD,Mon,9/14/2026,254.75,254.75,9:30,257.71,9:39
HD,Mon,9/14/2026,308,309.8,11:10,311.75,12:10
VZ,Mon,9/14/2026,51.1,51,10:35,51.32,12:08
AMZN,Mon,9/14/2026,253.98,251.75,10:30,255.3,14:08
DUK,Mon,9/14/2026,119.8,118.75,11:00,119.15,12:11
ED,Mon,9/14/2026,107,106.2,10:08,106.62,10:39
PG,Tue,9/15/2026,145.2,144.06,9:40,146.8,11:00
AMT,Tue,9/15/2026,176.09,176.13,10:27,178,11:08
MCD,Tue,9/15/2026,258.32,255.57,11:12,256.15,11:40
HD,Tue,9/15/2026,310.6,306.5,11:50,307.13,13:00
VZ,Tue,9/15/2026,51.29,51.3,9:53,51.48,10:20
AMZN,Tue,9/15/2026,252.18,248.68,10:50,248.42,16:00:00
DUK,Tue,9/15/2026,119.24,118.24,9:40,118.54,10:12
ED,Tue,9/15/2026,106.04,105.12,9:42,106,10:09
PG,Wed,9/16/2026,146.85,146.87,10:05,147.75,12:00
AMT,Wed,9/16/2026,177.39,178,10:35,179.6,11:20
MCD,Wed,9/16/2026,253.36,248.55,10:13,251.7,12:12
HD,Wed,9/16/2026,307.11,306.8,9:44,307.42,10:20
VZ,Wed,9/16/2026,51.14,51.1,10:14,49.8,15:10
AMZN,Wed,9/16/2026,249.02,247.36,9:37,248.7,9:52
DUK,Wed,9/16/2026,118.5,117.9,10:05,118.7,11:26
ED,Wed,9/16/2026,105.6,105.55,10:15,105.85,11:25
PG,Thu,9/17/2026,147.49,146.44,11:00,146.85,12:07
AMT,Thu,9/17/2026,176,175.24,10:40,176.47,11:26
MCD,Thu,9/17/2026,250.3,248.37,9:45,250.07,9:58
HD,Wed,9/16/2026,307.01,305.3,9:44,307.14,9:49
VZ,Thu,9/17/2026,49.65,48.83,10:30,48.33,16:00
AMZN,Thu,9/17/2026,251.3,249.8,10:08,252.08,10:35
DUK,Thu,9/17/2026,118.08,117.8,11:00,118,12:07
ED,Thu,9/17/2026,105.5,105.96,10:10,106.32,11:56
PG,Fri,9/18/2026,146.3,146,10:14,146.54,10:37
AMT,Fri,9/18/2026,173.54,173.01,10:00,175.45,11:47
MCD,Fri,9/18/2026,248,247.8,10:00,250.12,10:38
HD,Fri,9/18/2026,300.1,299.45,10:09,301.1,10:36
VZ,Fri,9/18/2026,48,47.7,11:40,48.07,12:37
AMZN,Fri,9/18/2026,252.2,252.12,10:17,254,11:00
DUK,Fri,9/18/2026,117.92,117.1,9:51,117.18,15:26
ED,Fri,9/18/2026,106.06,105.66,9:51,106,14:56
PG,Mon,9/21/2026,146.32,145.82,9:50,146.25,11:22
AMT,Mon,9/21/2026,174,173.6,9:53,174.5,10:35
MCD,Mon,9/21/2026,249.5,247.23,9:50,248.2,11:24
HD,Mon,9/21/2026,301.05,296.63,10:00,298.71,12:11
VZ,Mon,9/21/2026,48.18,47.7,9:52,48.13,11:30
AMZN,Mon,9/21/2026,256.52,254.4,9:49,256.55,10:12
DUK,Mon,9/21/2026,117.53,117.22,9:53,117.6,11:49
ED,Mon,9/21/2026,105.26,104.86,10:38,103.86,16:00
PG,Tue,9/22/2026,146.85,147.19,10:19,147.8,11:24
AMT,Tue,9/22/2026,174.3,173,10:15,176.24,11:15
MCD,Tue,9/22/2026,250.69,250.26,9:58,251.4,10:30
HD,Tue,9/22/2026,302.09,300.86,11:03,304,13:00
VZ,Tue,9/22/2026,47.78,47.2,11:10,46.45,16:00
AMZN,Tue,9/22/2026,225.38,255.55,11:12,255.77,14:00
DUK,Tue,9/22/2026,116.49,116.16,10:00,116.9,10:40
ED,Tue,9/22/2026,103.97,103.6,9:44,104.46,10:39
PG,Wed,9/23/2026,147.89,147.8,9:52,148.25,10:10
AMT,Wed,9/23/2026,174.57,173.66,10:00,170.78,16:00
MCD,Wed,9/23/2026,250.65,239.44,10:10,239.76,10:40
HD,Wed,9/23/2026,303.45,300.1,10:00,300.04,14:24
VZ,Wed,9/23/2026,46.6,46.28,9:51,46.98,10:42
AMZN,Wed,9/23/2026,253.2,251.28,9:49,250.7,11:00
DUK,Wed,9/23/2026,115.96,115.06,9:49,114.17,16:00
ED,Wed,9/23/2026,103.35,102.66,9:51,103.2,10:25
PG,Thu,9/24/2026,147.14,147.69,10:35,147.4,14:25
AMT,Thu,9/24/2026,173.11,168.05,10:35,169.17,12:33
MCD,Thu,9/24/2026,240.38,239.6,9:53,241.47,10:07
HD,Thu,9/24/2026,298,292.33,10:34,294,12:25
VZ,Thu,9/24/2026,47,47.2,10:00,47.45,10:20
AMZN,Thu,9/24/2026,246,245.8,10:00,247.05,10:20
DUK,Thu,9/24/2026,114.49,114.21,10:49,113.66,11:55
ED,Thu,9/24/2026,103.17,103.06,11:00,103.5,12:08
PG,Fri,9/25/2026,145.85,145.79,10:07,145.94,12:26
AMT,Fri,9/25/2026,167,167.01,10:00,168.25,10:28
MCD,Fri,9/25/2026,236.78,236,10:59,237,11:23
HD,Fri,9/25/2026,293.25,291.42,10:00,292.83,10:23
VZ,Fri,9/25/2026,47.3,47.04,9:42,47.19,9:53
AMZN,Fri,9/25/2026,248.56,247.88,10:13,249.02,11:04
DUK,Fri,9/25/2026,113.09,112.6,10:05,113.02,10:50
ED,Fri,9/25/2026,102.61,102.27,10:10,102.71,10:40
PG,Mon,9/28/2026,145.66,145.66,9:30,148.54,10:17
AMT,Mon,9/28/2026,169.67,167.22,11:30,168.13,12:16
MCD,Mon,9/28/2026,235.04,234.41,11:28,235.18,13:13
HD,Mon,9/28/2026,291.44,289.63,9:35,293,10:15
VZ,Mon,9/28/2026,47.04,46.44,12:15,46.7,12:33
AMZN,Mon,9/28/2026,246.32,245.67,10:02,247,10:25
DUK,Mon,9/28/2026,113.61,113,11:15,113.7,13:12
ED,Mon,9/28/2026,103.1,102.84,11:15,103.15,13:10
PG,Tue,9/29/2026,148.24,147,9:34,148.31,9:51
AMT,Tue,9/29/2026,167.25,166.77,9:35,169,10:00
MCD,Tue,9/29/2026,232.2,232.8,9:35,234.8,9:49
HD,Tue,9/29/2026,290.91,289.63,10:00,291.2,10:10
VZ,Tue,9/29/2026,46.47,46.26,9:35,46.85,10:10
AMZN,Tue,9/29/2026,246.95,245.55,10:00,246.53,10:39
DUK,Tue,9/29/2026,112.84,112.6,9:35,113.7,9:50
ED,Tue,9/29/2026,102.19,102.19,9:30,103.13,9:55
PG,Wed,9/30/2026,149,147.13,11:00,145.55,16:00
AMT,Wed,9/30/2026,166.73,164.68,11:03,164.02,11:30
MCD,Wed,9/30/2026,234.08,232.6,9:40,234.65,10:20
HD,Wed,9/30/2026,290.43,286.96,10:00,284.16,15:55
VZ,Wed,9/30/2026,46.15,45.78,10:00,46.05,10:54
AMZN,Wed,9/30/2026,247.45,246.38,9:40,251.36,10:09
DUK,Wed,9/30/2026,114.8,114.25,11:00,114.55,12:11
ED,Wed,9/30/2026,103.69,103.48,11:00,103.8,13:19
PG,Thu,10/1/2026,144.5,143.6,9:56,144.27,11:22
AMT,Thu,10/1/2026,164.09,161.7,9:55,162.3,12:00
MCD,Thu,10/1/2026,231.96,230.15,10:57,232,12:20
HD,Thu,10/1/2026,282.34,279.4,9:54,279.08,11:22
VZ,Thu,10/1/2026,45.9,45.95,10:00,46.15,10:15
AMZN,Thu,10/1/2026,251.55,249.1,9:55,249.8,13:55
DUK,Thu,10/1/2026,113.72,112.76,9:55,113.44,11:22
ED,Thu,10/1/2026,102.77,102.33,9:45,103.35,10:08
PG,Fri,10/2/2026,144.77,144.1,9:34,144.63,9:50
AMT,Fri,10/2/2026,162.09,162.09,9:30,164.46,9:45
MCD,Fri,10/2/2026,232,231.09,11:19,232.12,12:20
HD,Fri,10/2/2026,286.5,281.5,11:00,283.75,12:56
VZ,Fri,10/2/2026,46,46.12,10:00,46.13,10:53
AMZN,Fri,10/2/2026,252,251.2,10:00,252.76,10:16
DUK,Fri,10/2/2026,114.5,114,12:00,114.23,15:42
ED,Fri,10/2/2026,104.02,103.12,12:00,103.66,15:22
PG,Mon,10/5/2026,145,144.62,9:55,145.87,10:46
AMT,Mon,10/5/2026,161.78,160.67,9:56,162.27,10:20
MCD,Mon,10/5/2026,231.9,229.8,9:59,231.1,10:45
HD,Mon,10/5/2026,283.22,279.89,10:00,281.89,10:05
VZ,Mon,10/5/2026,45.81,45.52,10:00,45.82,10:07
AMZN,Mon,10/5/2026,250.19,251.12,10:35,253.2,12:40
DUK,Mon,10/5/2026,114,113.4,9:55,114.2,10:40
ED,Mon,10/5/2026,103.05,102.6,10:00,103.5,10:48
PG,Tue,10/6/2026,147.78,147.35,10:00,149.5,12:12
AMT,Tue,10/6/2026,163.04,163.04,9:30,164.31,10:00
MCD,Tue,10/6/2026,233.02,232,9:45,233.6,10:02
HD,Tue,10/6/2026,282.63,282.63,9:30,284.57,10:02
VZ,Tue,10/6/2026,45.95,45.33,9:55,45.57,10:33
AMZN,Tue,10/6/2026,253.6,251.73,9:31,252.45,9:45
DUK,Tue,10/6/2026,114.43,114.14,10:00,114.7,11:01
ED,Tue,10/6/2026,103.91,103.6,9:51,104,10:04
PG,Wed,10/7/2026,148.9,148.8,10:13,149.05,10:32
AMT,Wed,10/7/2026,165.8,164.75,10:22,165.7,10:40
MCD,Wed,10/7/2026,232.62,231.4,11:00,232.4,12:26
HD,Wed,10/7/2026,286,283.93,10:24,285.15,10:40
VZ,Wed,10/7/2026,46.14,46.17,11:20,46.23,12:23
AMZN,Wed,10/7/2026,254.22,253.32,9:41,256.57,11:15
DUK,Wed,10/7/2026,115.9,115.37,10:00,116,10:41
ED,Wed,10/7/2026,105.11,104.62,9:59,105.38,10:32
PG,Thu,10/8/2026,147.31,147.4,9:35,148.23,9:50
AMT,Thu,10/8/2026,166.63,166,11:30,166.26,13:50
MCD,Thu,10/8/2026,231.21,231.21,9:31,233.06,9:53
HD,Thu,10/8/2026,285,283.45,9:35,287.27,9:57
VZ,Thu,10/8/2026,46.03,45.77,10:20,45.9,10:58
AMZN,Thu,10/8/2026,259.27,258.71,11:00,259.2,11:15
DUK,Thu,10/8/2026,115.71,115.11,10:50,115.42,11:00
ED,Thu,10/8/2026,104.75,104.45,12:00,105.83,13:28
